facet_desc_0,question_0,answer_1_0,answer_2_0,shuffled_0,facet_desc_1,question_1,answer_1_1,answer_2_1,shuffled_1,facet_desc_2,question_2,answer_1_2,answer_2_2,shuffled_2,facet_desc_3,question_3,answer_1_3,answer_2_3,shuffled_3,facet_desc_4,query_4,question_4,answer_1_4,answer_2_4,correct_4
"I am looking for newcomer information for Cass County, Missouri.",is there any specific information that you are looking for,yes i would like to find information on the county where i am located,I am looking for newcomer information.,True,Find information on Breeders Cup races.,are you interested in a schedule of events from churchill downs,"Yes, I would like to see a schedule of events from Churchil Downs.",yes i would like information on the race races,False,Find vendors that sell computer memory upgrades.,are you worried about memory loss,"No, I want to buy some.",no i am interested in computer repair,False,Find a black-and-white outline map of the United States such that a child could color.,would you like to know where the us is located on the map,no i am looking for a black and white outline map,"No, I want a black-and-white outline map of the United States such that a child could color.",True,Health benefits of kiwi fruit.,Tell me about kiwi,Are you interested in kiwi fruit?,"I am, and its health benefits","Yes, with a touch of deep explanation over all topic anis.",answer_1
Find the seating chart of Churchill Downs.,do you want to know the best time to visit churchill downs is,no i want to see the seat charts of the churchill downs,"No, I want to find the seating chart of Churchill Downs.",True,"What is ""Poem in Your Pocket Day""?",did you want the know what the reasoning for having poem in your pocket day is,"Yes, I would like to know the reasoning for having ""Poem in Your Pocket Day.""",no i want to know what is the meaning of poetry in my pocket day,False,What problems have afflicted the Ford Edge car model?,do you want to see if there have been recalls of the ford edge,yes i want to kyesw what the problem is,"Yes, I want to know if there have been recalls of the ford edge.",True,"Find information on various types of computer memory, and how they are different.",who was the first to study the brain and memory,no,"I want to know about different types of computer memory, and how they are different.",True,Health benefits of kiwi fruit.,Tell me about kiwi,Are you interested in kiwi fruit?,"I am, and its health benefits","Yes, with a touch of deep explanation over all topic anis.",answer_1
Find Brooks Brothers online promotional coupons.,are you interested in brooks brothers clearance shirts,no i need to see their online retailers,Yes.,True,"What is ""Poem in Your Pocket Day""?",are you looking for activities for the day,"No, I just want to know what it is.",no i am looking for a list of all the things that you can do in your pocket day,False,Find complete (not partial) recipes for beef stroganoff.,do you want a one pot recipe,"No, I want a complete recipe for beef stroganoff.",yes,False,How can I plan an inexpensive wedding?,were you interested in a free or paid budget calculator,free,no i am interested in planning an inexpensive wedding,False,Health benefits of kiwi fruit.,Tell me about kiwi,Are you interested in kiwi fruit?,"I am, and its health benefits","Yes, with a touch of deep explanation over all topic anis.",answer_1
Find a map of the inside of the US Capitol.,are you interested in a map of capitol hill,"Yes, I want a map of the inside of the Capitol.",no i am interested in a map of the inside of the usitol,False,I'm looking for web sites that do antique appraisals.,are you looking for a type of appraiser,"No, I'm looking for web sites that do antique appraisals.",no i want to find websites that do antique appraisals,False,"Find recipes from Starbucks, either for making or using Starbucks products.",are you interested in the stocks of starbucks,yes i want to kyesw what they have made or used,"No, I want to find recipes from Starbucks.",True,Where can I learn about rock painting or buy a rock-painting kit?,do you want to buy rock art,no,"No, I want to learn about how to make rock art.",True,Health benefits of kiwi fruit.,Tell me about kiwi,Are you interested in kiwi fruit?,"I am, and its health benefits","Yes, with a touch of deep explanation over all topic anis.",answer_1
Where can I buy rock and roll posters?,do you want examples of rock art,"No, I want to know where I can buy rock and roll posters.",yes,False,Find a black-and-white outline map of the United States such that a child could color.,are you looking for a paper version of us map,yes,"Yes, I need a black-and-white outline map of the United States such that a child could color.",True,"What services/facilities does the Ontario, CA airport offer?",would you like to book a flight at ontario california airport,yes i need to kyesw about services and facilities offered by the airport,"No, I just want to know what services/facilities it offers.",True,What is the average salary for a computer programmer?,are you looking for information on different computer programming languages,yes,"No, I want to know the average salary for a computer programmer.",True,Health benefits of kiwi fruit.,Tell me about kiwi,Are you interested in kiwi fruit?,"I am, and its health benefits","Yes, with a touch of deep explanation over all topic anis.",answer_1
Find vendors that sell computer memory upgrades.,are you looking for ways to naturally boost your memory,"No, I'm looking to buy some computer memory upgrades from vendors. Do you know any?",yes i want to buy a computer to,False,Where can I buy radio-controlled planes?,is this for a school craft or play,yes i want to kyesw where i can buy a radiocontrolled plane,I just want to know where I can purchase a radio-controlled plane.,True,What does the US capital tax rate consist of and how is it broken down?,do you like to know capital gains tax on real estate,"No, I want to know about the capital tax rate and how it's broken down.",no i want to know the differences between the uscapital tax rate and the rate of income tax,False,What are the symptoms of von Willebrand Disease?,do you want to know how von willebrand disease is treated,yes,"No, I want to know the symptoms of it.",True,Health benefits of kiwi fruit.,Tell me about kiwi,Are you interested in kiwi fruit?,"I am, and its health benefits","Yes, with a touch of deep explanation over all topic anis.",answer_1
I am looking for spreadsheets or templates to help me tabulate a budget for a wedding.,what are your budget priorities for your wedding,I need a spreadsheet or template to help me tabulate a budget for a wedding.,no i am looking for spreadsheets or templates to help me tabulate a wedding budget,False,Sites that sell Universal Animal Cuts that include product reviews.,did you want to know if the price was worth it,no i want to find a site that sells it,"No, I want to know if the product works.",True,Find a list of hobby stores in Maryland.,are you looking for hobby stores located in maryland,"Yes, I am looking for a list of hobby stores in Maryland.",yes,False,Find the seating chart of Churchill Downs.,is there any specific race on your mind,yes i want to see the seating charts of bellevue downs,I just want to see the seating chart of Churchill Downs.,True,Health benefits of kiwi fruit.,Tell me about kiwi,Are you interested in kiwi fruit?,"I am, and its health benefits","Yes, with a touch of deep explanation over all topic anis.",answer_1
Find ideas for how to celebrate Poem in Your Pocket Day and National Poetry Month.,are you looking for examples of poems to carry for poem in your pocket day,"Yes, I would like some examples of poems to carry for poem in your pocket day.",no,False,"What was the 2008 budget for Cass County, MO?",do you have travel plans,"No, I want to know the 2008 budget for Cass County, MO.",yes i would like to know what the 2008 budget was,False,Where can I learn about rock painting or buy a rock-painting kit?,do you want the history of rock art,"No, I want to learn how to paint rocks.",no i want to learn about rock painting,False,"I'd like to find user reports about Windows Defender, particularly problems with the software.",are you looking for a security system,yes,"I'm looking for user reports about Windows Defender, particularly problems with the software.",True,Health benefits of kiwi fruit.,Tell me about kiwi,Are you interested in kiwi fruit?,"I am, and its health benefits","Yes, with a touch of deep explanation over all topic anis.",answer_1
Find pictures of horse hooves.,do you need your horses hooves trimmed,"No, I need pictures of horse hooves.",yes i want pictures of them,False,information about Indian tribes that used adobe houses,do you want information about the construction of adobe houses,"No, I want information about Indian tribes that used adobe houses.",no,False,Find information about buying real estate in India.,would you like more information about the challenges of living in india,"No, I want to know about buying real estate in India.",yes i am looking for information on buying real estate in india,False,Describe the anatomy of horses' feet and hooves.,do you need horse hoof care tips,yes i am looking for general information about the anatomy of hoofs,"No, I want to know about the anatomy of horses' feet and hooves.",True,Health benefits of kiwi fruit.,Tell me about kiwi,Are you interested in kiwi fruit?,"I am, and its health benefits","Yes, with a touch of deep explanation over all topic anis.",answer_1
Where can I buy tools for stone carving or engraving?,do you want locations of rock art,yes i want to buy tools for carving,"No, I want to learn about tools for stone carving or engraving.",True,discussion of the impending sale of the Rocky Mountain News,do you want to incude both canadian and us news sources,"No, just the sale of the Rocky Mountain News.",yes i want to kyesw the sale of the rocky mn,False,Take me to the Starbucks homepage.,are you interested in the stocks of starbucks,no im looking for the website for the company that makes them,"No, I want to go to the Starbucks homepage.",True,Find testimonials of Universal Animal Cuts nutritional supplement.,did you want to know if it was effective for different levels of weight,"No, I'm just looking for testimonials of the product.",no i want to know if it was effective for different levels of weight,False,Health benefits of kiwi fruit.,Tell me about kiwi,Are you interested in kiwi fruit?,"I am, and its health benefits","Yes, with a touch of deep explanation over all topic anis.",answer_1
Who is the patron saint of mental illness?,who you like to know who the patron saint of mental illness is,"Yes, I would like to know who the patron saint of mental illness is.",no i want to know who the patron saint of mental illness is,False,"Are Animal Cuts safe to use, and are they effective?",would you like to review universal animal cuts,no i want to know what animals can be used for animal cuts,"No, I want to know if they're safe to use and if they're effective.",True,The blue-throated hummingbird is native to what areas?,would you like to know where it originates from,yes i want to kyesw what areas it originated from,Yes,True,Find printable maps of the United States.,would you like to know more about us roads,yes,"No, I just want a printable map of the United States.",True,Health benefits of kiwi fruit.,Tell me about kiwi,Are you interested in kiwi fruit?,"I am, and its health benefits","Yes, with a touch of deep explanation over all topic anis.",answer_1
Where can I buy rock and roll posters?,do you want the history of rock art,"No, I want to know where I can buy rock and roll posters.",no i want to know where i can buy rock and roll posters,False,How do I host a Pampered Chef cooking show?,are you wondering about pampered chef competitors,yes,"No, I want to know how to host a Pampered Chef cooking show.",True,Where are Brooks Brothers outlet stores located?,would you like to know about the brooks brothers clearance return policy,yes,"No, I want to know the locations of Brooks Brothers outlet stores.",True,Find information about how people live in India.,what part of india are you interested in,i dont know,I'm interested in how people live in India.,True,Health benefits of kiwi fruit.,Tell me about kiwi,Are you interested in kiwi fruit?,"I am, and its health benefits","Yes, with a touch of deep explanation over all topic anis.",answer_1
"What was the 2008 budget for Cass County, MO?",are you looking for places to eat in cass county missouri,"No, I want to know the 2008 budget for Cass County, MO.",yes i am looking for a specific county,False,"I'm looking for information on bars and nightclubs in Hoboken, NJ.",are you looking for an apartment in hoboken,no i am looking for information on bar and club locations,"No, I'm looking for information on bars and nightclubs in Hoboken, NJ.",True,I'm looking for web sites that do antique appraisals.,what type of appraisals do you need informatiom about,no i want to see websites that do antique appraisals,I'm looking for web sites that do antique appraisals.,True,I'm looking for a source for Euclid truck parts.,are you looking for a company,"Yes, I'm looking for a source for Euclid truck parts.",yes,False,Health benefits of kiwi fruit.,Tell me about kiwi,Are you interested in kiwi fruit?,"I am, and its health benefits","Yes, with a touch of deep explanation over all topic anis.",answer_1
How do you treat severe angular cheilitis?,are you looking for the definition of angular cheilitis,yes i am looking for treatment,"No, I'm looking for how to treat severe angular cheilitis.",True,What are the symptoms of von Willebrand Disease?,what kind of information about von willebrand disease do you want to see,yes,I want to know the symptoms of von Willebrand Disease.,True,Sites that sell Universal Animal Cuts that include product reviews.,did you want to know if it was effective for different levels of weight,yes i would like to see reviews about it,"Yes, I want to know if it is effective for people who are overweight.",True,Find the homepage for the NASA Voyager mission.,are you looking for a specific web page,yes i want to go to the homepage of the mission,"Yes, I am looking for the homepage for the NASA Voyager mission.",True,Health benefits of kiwi fruit.,Tell me about kiwi,Are you interested in kiwi fruit?,"I am, and its health benefits","Yes, with a touch of deep explanation over all topic anis.",answer_1
home page of the Rocky Mountain News,are you interested in news archives,no,"No, I just want the home page of the Rocky Mountain News.",True,How is workplace diversity achieved and managed?,are you looking for a specific content related to diversity,yes i want to kyesw how the workplace is managed,"Yes, I want to know how workplace diversity is achieved and managed.",True,Find a black-and-white outline map of the United States such that a child could color.,are you looking for children coloring books,no i am looking for a map,"Yes, I want a black-and-white outline map of the United States such that a child could color.",True,"Are Animal Cuts safe to use, and are they effective?",did you want to know if it was effective for different levels of weight,I want to know if Animal Cuts are safe to use and if they are effective.,yes i want to kyesw the animal cuts,False,Health benefits of kiwi fruit.,Tell me about kiwi,Are you interested in kiwi fruit?,"I am, and its health benefits","Yes, with a touch of deep explanation over all topic anis.",answer_1
How often may atypical squamous cells predict cervical cancer?,would you like to know about treatment for atypical squamous cells,"No, I want to know how often may atypical squamous cells predict cervical cancer.",yes,False,"Looking for any historical information related to Orcas Island: geographical, buildings, people, infrastructure, etc.",are you looking for information from a specific era in the history of orcas island,any era is fine,yes,False,What is the common name for angular cheilitis?,are asking what the symptoms are for angular cheilits,"No, I am asking what the common name for angular cheilitis is.",yes,False,What hobby stores carry trains?,are you looking for hobby stores located in maryland,yes i am looking for stores that carry trains,"No, I want to know what hobby stores carry trains.",True,Health benefits of kiwi fruit.,Tell me about kiwi,Are you interested in kiwi fruit?,"I am, and its health benefits","Yes, with a touch of deep explanation over all topic anis.",answer_1
"I'm looking for the history of Hoboken, NJ.",do you want information on the climate of hoboken,"No, I want the history of Hoboken.",yes i am looking for the history of the city,False,Where can I buy rock and roll posters?,are you going to purchase any specific tools,"No, I just want to know where I can buy rock and roll posters.",no i need to buy rock and roll posters,False,Find information about the NASA Voyager spacecraft and missions.,do you want to know where voyager is now,no i want to know about the spacecraft and mission,"Yes, I would like to know where the Voyager spacecraft is now.",True,Is Brooks Brothers catalog merchandise available at their outlet stores?,are you trying to find brooks brothers clearance suits,yes,"No, I want to know if Brooks Brothers catalog merchandise is available at their outlet stores.",True,Health benefits of kiwi fruit.,Tell me about kiwi,Are you interested in kiwi fruit?,"I am, and its health benefits","Yes, with a touch of deep explanation over all topic anis.",answer_1
"Find demographic information about Cass County, MO.",do you want to know about the schools in cass county missouri,"No, I want to know the demographic information about Cass County, MO.",no i want to know about the demographics of the county missouri,False,quotes about independence,which use of that quote are you interested in,no i want to know about the opinions of men,the one about independence,True,What do atypical squamous cells mean on a pap smear test?,do you want to see a picture of atypical squamous cells,"No, I want to know what they mean on a pap smear test.",yes,False,"Find the homepage for the city of Hoboken, NJ.",are you looking for information about the hoboken medical center,no i want the homepage for the city of Hob,"No, I'm looking for the homepage for the city of Hoboken, NJ.",True,Health benefits of kiwi fruit.,Tell me about kiwi,Are you interested in kiwi fruit?,"I am, and its health benefits","Yes, with a touch of deep explanation over all topic anis.",answer_1
Find information on shoeing horses and horseshoe problems.,do you need horse hoof care tips,"Yes, I would like to know more about shoeing horses and horseshoe problems.",no,False,"I'm looking for information on Defender, an arcade game by Williams. Is it possible to play it online?",are you referring to a software,"No, I'm talking about the Williams arcade game from the 1980s.",yes,False,What problems have afflicted the Ford Edge car model?,what city and state are you looking for a ford edge repair shop in,i dont kyesw,I just want to know what problems have afflicted the Ford Edge car model.,True,Provide pressure washer reviews and/or ratings.,are you trying to build a pressure washer,"No, I'm trying to buy one. I need reviews and ratings for pressure washers.",yes i am looking for reviews and ratings,False,Health benefits of kiwi fruit.,Tell me about kiwi,Are you interested in kiwi fruit?,"I am, and its health benefits","Yes, with a touch of deep explanation over all topic anis.",answer_1
"Find a map of the area around the US Capitol, including nearby sites to visit.",do you want to know what cities are on the us capitol map,no i am looking for a map of the us capitol,"No, I want a map of the area around the US Capitol, including nearby sites to visit.",True,Find calorie counts and other nutritional information about Starbucks products.,are you looking for a recipe,yes i am looking for the calorie count and other nutritional information for the company,"No, I want to know the calorie counts and other nutritional information about Starbucks products.",True,Where can I buy radio-controlled planes?,are you looking for a radiocontrolled plane,no i want information on where i can buy one,"Yes, I want to know where I can buy radio-controlled planes.",True,Find information about horses' hooves and how to care for them.,are you asking about a horses feet,no,"Yes, I want to know how to take care of a horse's hooves.",True,Health benefits of kiwi fruit.,Tell me about kiwi,Are you interested in kiwi fruit?,"I am, and its health benefits","Yes, with a touch of deep explanation over all topic anis.",answer_1
Find information about solar panels that I can install on my home.,do you want annual savings totals if you install solar panels,yes,Yes,True,Where can I go on a hay ride in Pennsylvania?,do you have a designated date and time you would want the hayride in pennsylvania,"No, I just want to know generally where I can go on a hay ride in Pennsylvania.",yes i am looking for a specific date and time,False,Find information about human memory.,how to cheat at the game memory,yes i am looking for information on human memory,"No, I want to know about human memory.",True,"Who said ""all men are created equal""?",which use of that quote are you interested in,"I want to know who said ""all men are created equal"".",i dont know,False,Health benefits of kiwi fruit.,Tell me about kiwi,Are you interested in kiwi fruit?,"I am, and its health benefits","Yes, with a touch of deep explanation over all topic anis.",answer_1
What was the name of Elvis Presley's home?,are you referring to elvis presleys hometown,"No, I'm asking about the name of his home.",yes,False,What is cultural diversity? What is prejudice?,are you looking for information on a specific diversity program,"no, I would like to know what cultural diversity is and what prejudice is.",yes,False,What are the different brands of pressure washers?,are you trying to build a pressure washer,no i want to know what brands of pressure washers are available,"No, I want to know what the different brands of pressure washers are.",True,Find a picture of a blue-throated hummingbird.,do you want to know what they look like,I want to see a picture of one.,no i want to see a picture of a blue bird,False,Health benefits of kiwi fruit.,Tell me about kiwi,Are you interested in kiwi fruit?,"I am, and its health benefits","Yes, with a touch of deep explanation over all topic anis.",answer_1
What is the website for HobbyTown USA?,why type of hobby arts and crafts or sports,no,I'm looking for a hobby store that sells model trains.,True,Find information for visitors and immigrants about living in India.,are you intested in statistics on expats residing in india,"No, I'm not interested in statistics.",yes i want information on living in india,False,Find information about buying real estate in India.,do you want to know what the best thing about living in india is,"No, I want to know about buying real estate in India.",no i am looking for information about buying real estate in india,False,How often may atypical squamous cells predict cervical cancer?,do you want to learn about atypical squamous cells in a pap smear,no,"No, I want to know how often may atypical squamous cells predict cervical cancer?",True,Health benefits of kiwi fruit.,Tell me about kiwi,Are you interested in kiwi fruit?,"I am, and its health benefits","Yes, with a touch of deep explanation over all topic anis.",answer_1
Find information on Breeders Cup races.,are you interested in the racing schedule,yes im interested in the race schedule,"Yes, I want to find information on the Breeders Cup races.",True,Who is the patron saint of mental illness?,are you interested in learning the back story of the patron saint of mental illness,"No, I just want to know who the patron saint of mental illness is.",yes i am interested in his personal biography,False,I want to find some example wedding budgets.,did you want to see if there was an app to do it,"No, I want to find some example wedding budgets.",yes i am looking for a wedding budget calculator,False,Where can I learn about rock painting or buy a rock-painting kit?,do you want examples of rock art,yes i want to learn about rock painting,"No, I want to learn how to make it.",True,Health benefits of kiwi fruit.,Tell me about kiwi,Are you interested in kiwi fruit?,"I am, and its health benefits","Yes, with a touch of deep explanation over all topic anis.",answer_1
Find examples of employee performance appraisals.,are you looking for a type of appraiser,"No, I want to know about employee performance appraisals.",yes i am looking for examples of employee performance appraisals,False,I want to go to the homepage for Defender Marine Supplies.,is your child playing soccer,yes,"No, I want to go to the homepage for Defender Marine Supplies.",True,information about Indian tribes that used adobe houses,do you wish to know the location of native american houses,yes i want to kyesw about tribes that used an adobe house,"No, I want to know about Indian tribes that used adobe houses.",True,The blue-throated hummingbird is native to what areas?,do you want to know what they look like,no i want to know where they are in the wild,"No, I want to know what areas the blue-throated hummingbird is native to.",True,Health benefits of kiwi fruit.,Tell me about kiwi,Are you interested in kiwi fruit?,"I am, and its health benefits","Yes, with a touch of deep explanation over all topic anis.",answer_1
Are there biodegradable products for the disposal of dog waste?,would you like to know a location to find dog clean bags,"No, I would like to know if there are biodegradable products for the disposal of dog waste.",no i would like to know what products are available for the disposal of dog waste,False,How do I become a Pampered Chef consultant?,are you trying to buy pampered chef,yes i am looking for a professional pampered cook who has,"No, I want to become a Pampered Chef consultant.",True,What do atypical squamous cells mean on a pap smear test?,do you want to learn about cervical cancer,yes,"No, I want to know about atypical squamous cells on a pap smear test.",True,I'd like to order books or videos/CDs about how to construct adobe buildings.,what type of adobe indian house are you looking for,I'd like to order books or videos/CDs about how to construct adobe buildings.,i dont kyesw,False,Health benefits of kiwi fruit.,Tell me about kiwi,Are you interested in kiwi fruit?,"I am, and its health benefits","Yes, with a touch of deep explanation over all topic anis.",answer_1
What type of careers are there for computer programmers?,are you interested in the history of computer programming,yes i want to know the types of careers for computer programmers,"No, I want to know what type of careers are there for computer programmers.",True,"Find information about the television series, ""Star Trek: Voyager""",do you want to know which planets voyager has visited,"No, I want to know about the show ""Star Trek: Voyager""",yes,False,Find ideas for how to celebrate Poem in Your Pocket Day and National Poetry Month.,are you interested in the canadian holiday,"No, I'm interested in the American one.",yes i want to know how to celebrate it,False,"I'm looking for information on Defender, an arcade game by Williams. Is it possible to play it online?",are you interested in the isfj personality type,"No, I want to know about the arcade game by Williams.",yes,False,Health benefits of kiwi fruit.,Tell me about kiwi,Are you interested in kiwi fruit?,"I am, and its health benefits","Yes, with a touch of deep explanation over all topic anis.",answer_1
What are the best ways of disposing of dog waste?,are you looking for a way to dispose your dog wast,yes i am looking for ways to dispose of dog waste,"Yes, I want to know the best ways of disposing of dog waste.",True,"Find flight information for the Ontario, CA airport.",would you like to know more about ontarioca airport services,yes i would like to kyesw about their airport services,"No, I would like to find flight information for the Ontario, CA airport.",True,"How has the phrase ""all men are created equal"" been interpreted over time by the US surpreme Court?",would you like to know the gettysburg address,"No, I want to know how the phrase ""all men are created equal"" has been interpreted over time by the US Supreme Court.",yes,False,What were the major battles in the US civil war?,do you want to know how many people were killed,"No, I want to know about the major battles.",yes i want to know the major battles,False,Health benefits of kiwi fruit.,Tell me about kiwi,Are you interested in kiwi fruit?,"I am, and its health benefits","Yes, with a touch of deep explanation over all topic anis.",answer_1
What do atypical squamous cells mean on a pap smear test?,would you like to know about treatment for atypical squamous cells,no,"No, I want to know what they mean on a pap smear test.",True,Find information on the Land Rover Defender sport-utility vehicle.,are you interested in the isfj personality type,yes,"No, I'm not interested in the isfj personality type. I want to know about the Land Rover Defender sport-utility vehicle.",True,"What services/facilities does the Ontario, CA airport offer?",do you need a map of the area would you like the website address,"No, I don't need a map. Just tell me what services/facilities the airport offers.",yes i need a map of the area,False,information on the state income tax in Illinois,do you want to know where your refund is or know the tax rate,no i want to know about the tax rate in the state,I want to know the tax rate.,True,Health benefits of kiwi fruit.,Tell me about kiwi,Are you interested in kiwi fruit?,"I am, and its health benefits","Yes, with a touch of deep explanation over all topic anis.",answer_1
What are the migration patterns of the blue-throated hummingbird?,would you like to know about the current population numbers of blue throated hummingbirds,"No, I want to know about the migration patterns.",no i would like to know the migration patterns of the bluethroated hummingbird,False,Find testimonials of Universal Animal Cuts nutritional supplement.,did universal animal cuts work for you,yes i would like to read about the benefits of animal feeds,I haven't tried it yet.,True,How can I plan an inexpensive wedding?,what are your budget priorities for your wedding,I want an inexpensive wedding.,i dont know,False,Find a map of the inside of the US Capitol.,do you want to know how to access a us capitol map,no,"No, I want you to find me a map of the inside of the US Capitol.",True,Health benefits of kiwi fruit.,Tell me about kiwi,Are you interested in kiwi fruit?,"I am, and its health benefits","Yes, with a touch of deep explanation over all topic anis.",answer_1
What computer programming languages are there?,are you interested in a coding bootcamp,no,"No, I just want to know what computer programming languages are there.",True,Find archives of articles from the Milwaukee Journal Sentinel.,which medium do you prefer the newspaper to be in,no i would like to see articles,I would like the newspaper to be in an online archive.,True,What was the name of Elvis Presley's home?,are you looking to see how long elvis presley lived in his home,"No, I just want to know the name of his home.",no,False,"Looking for any historical information related to Orcas Island: geographical, buildings, people, infrastructure, etc.",do you want to know about the first inhabitants of orcas island,Yes,no i want to know about the history of the island,False,Health benefits of kiwi fruit.,Tell me about kiwi,Are you interested in kiwi fruit?,"I am, and its health benefits","Yes, with a touch of deep explanation over all topic anis.",answer_1
"I'm looking for information on Defender, an arcade game by Williams. Is it possible to play it online?",are you looking for defender lyrics,yes,"No, I'm looking for information on Defender, an arcade game by Williams. Is it possible to play it online?",True,I'm looking for companies that appraise jewelry.,would you like to find appraisers near you,"No, I want to know about the process of appraising jewelry.",yes i am interested in companies that appraisals jewelry,False,The blue-throated hummingbird is native to what areas?,would you like to learn about how fast blue throated hummingbirds are,"No, I want to know what areas the blue-throated hummingbird is native to.",yes i would like to kyesw what areas are called in the wild,False,What are the migration patterns of the blue-throated hummingbird?,do you want to learn more about how blue throated hummingbirds mate,no i am looking for general information about the migratory patterns of the bluethroated hummingbird,"No, I want to know about their migration patterns.",True,Health benefits of kiwi fruit.,Tell me about kiwi,Are you interested in kiwi fruit?,"I am, and its health benefits","Yes, with a touch of deep explanation over all topic anis.",answer_1
"Are Animal Cuts safe to use, and are they effective?",did you want to know if anyone near you has tried it,no i want information on animal cuts,"No, I want to know if Animal Cuts are safe to use and effective.",True,How do you treat severe angular cheilitis?,are you looking for webmd websites or mayo clinic websites about angular cheilits,no i am looking for information on treatment,I want to know how to treat severe angular cheilitis.,True,Find examples of employee performance appraisals.,are you looking for appraisal companies near you,"No, I want to know what an employee performance appraisal is.",yes i want examples of employee performance appraisals,False,Find the seating chart of Churchill Downs.,which part of churchill downs are you interested in knowing more about,I want to know the seating chart.,yes i want the seating chart of the churchill downs,False,Health benefits of kiwi fruit.,Tell me about kiwi,Are you interested in kiwi fruit?,"I am, and its health benefits","Yes, with a touch of deep explanation over all topic anis.",answer_1
Find information on Breeders Cup races.,are you wondering where churchill downs is,"No, I want to know when the next Breeders Cup race is.",no i want information on the races,False,Find information on the artwork used on rock music album covers.,would you like to know anything specific about rock music,"Yes, I want to know about the artwork used on rock music album covers.",yes i would like information on the images used on rock music album covers,False,What famous generals fought in the US civil war?,are you looking for a union victory,"No, I want to know what famous generals fought in the US civil war.",yes,False,Find directions to the Ritz Carlton Lake Las Vegas.,would you like the location of the ritz carlton lake las vegas,no i would like directions to the ritz carlton lake las vegas,"Yes, I would like the location and directions to the Ritz Carlton Lake Las Vegas.",True,Health benefits of kiwi fruit.,Tell me about kiwi,Are you interested in kiwi fruit?,"I am, and its health benefits","Yes, with a touch of deep explanation over all topic anis.",answer_1
What are the different brands of pressure washers?,are you wondering what a pressure washer is,"No, I want to know the different brands of pressure washers.",no,False,What are the educational benefits of social networking sites?,which social networking sites would you like information on,no i want to know the benefits,All of them.,True,"Historical facts about Cass County, Missouri.",do you have travel plans,yes i am interested in historical facts about the county,"No, I just want to know historical facts about Cass County, Missouri.",True,"Find information on various types of computer memory, and how they are different.",are you interested in the type of memories,"Yes, I want to know about the different types of computer memory, and how they are different.",yes i am interested in information about computer memory types,False,Health benefits of kiwi fruit.,Tell me about kiwi,Are you interested in kiwi fruit?,"I am, and its health benefits","Yes, with a touch of deep explanation over all topic anis.",answer_1
Find information about solar panels that I can install on my home.,would you like the historical information on solar panels,no,"No, I would like information on solar panels that I can install on my home.",True,Find pictures of horse hooves.,what problem is your horse having with their hooves,no,I just want to see pictures of horse hooves.,True,Find a site where I can determine room price and availability.,are you looking for any specific games to play there,yes i am looking for a site where i can determine room price and availability,"No, I just want to know the room prices and availability.",True,"Find demographic information about Cass County, MO.",is there any specific information that you are looking for,yes,"I want to know the population, the average income, and the average age.",True,Health benefits of kiwi fruit.,Tell me about kiwi,Are you interested in kiwi fruit?,"I am, and its health benefits","Yes, with a touch of deep explanation over all topic anis.",answer_1
Find pictures of horse hooves.,are you looking for information about horseshoe,"No, I want to see pictures of horse hooves.",yes,False,Find political maps of the United States showing the states and their capitals.,which language of us map would you prefer,i dont know,English,True,Find reviews of the Ritz Carlton Lake Las Vegas.,are you looking for any specific games to play there,yes i want reviews of the ritz caslax lake las vegas,I'm not looking for any specific games to play there. I just want to know what the reviews of the Ritz Carlton Lake Las Vegas are.,True,Find complete (not partial) recipes for beef stroganoff.,what is your favorite cut of beef to be used for the recipe,i dont know,"I don't have a favorite cut of beef, I just want a complete recipe for beef stroganoff.",True,Health benefits of kiwi fruit.,Tell me about kiwi,Are you interested in kiwi fruit?,"I am, and its health benefits","Yes, with a touch of deep explanation over all topic anis.",answer_1
"Find flight information for the Ontario, CA airport.",would you like to book a flight at ontario california airport,"No, I just want to find information on it.",no i need the flight information,False,Can I grow a kiwi fruit tree?,are you interested in images of the kiwi fruit,"No, I want to know if I can grow a kiwi fruit tree.",yes,False,Can I grow a kiwi fruit tree?,are you looking for kiwi birds for sale,no,"No, I want to know if I can grow a kiwi fruit tree.",True,What kinds of solar panels and photovoltaic cells are there?,do you want to know where solar panels are typically installed in a home,yes,"No, I want to know about the different types of solar panels and photovoltaic cells.",True,Health benefits of kiwi fruit.,Tell me about kiwi,Are you interested in kiwi fruit?,"I am, and its health benefits","Yes, with a touch of deep explanation over all topic anis.",answer_1
How is workplace diversity achieved and managed?,are you looking into diversity in hiring,no i am looking for the outcome of the company in general,yes,True,"What hotels are near the Ontario, CA airport?",would you like to book a hotel there,"No, I just want to know what hotels are near it.",no i would like to find a listing of hotels near the airport,False,"Find a map of the area around the US Capitol, including nearby sites to visit.",do you want to know if there is tour information on the us capitol map,yes i would like a map of the area,"No, I just want a map of the area around the Capitol, including nearby sites to visit.",True,information on the state income tax in Illinois,do you want to get helping completing your illinois state tax return,no i want to know about the income tax in the state of indiana,"No, I want information on the state income tax in Illinois.",True,Health benefits of kiwi fruit.,Tell me about kiwi,Are you interested in kiwi fruit?,"I am, and its health benefits","Yes, with a touch of deep explanation over all topic anis.",answer_1
information about Indian tribes that used adobe houses,do you need any specific information about people who resided in adobe houses,"Yes, I would like to know about Indian tribes that used adobe houses.",yes i want information about tribes that used adobe homes,False,Where can I buy radio-controlled planes?,do you want stores with physical locations or online stores,no i need to find a radiocontrolled plane,I want to know where I can buy radio-controlled planes.,True,Where are Brooks Brothers outlet stores located?,are you looking for a brooks brothers outlet,"Yes, I'm looking for a Brooks Brothers outlet store.",no i am looking for stores located near me,False,Find calorie counts and other nutritional information about Starbucks products.,are you looking for current news related to starbucks,"No, I want to know the calorie counts and other nutritional information about Starbucks products.",no i want information on the nutritional information for the company itself,False,Health benefits of kiwi fruit.,Tell me about kiwi,Are you interested in kiwi fruit?,"I am, and its health benefits","Yes, with a touch of deep explanation over all topic anis.",answer_1
"What services/facilities does the Ontario, CA airport offer?",is there anywhere in california youd like to go visit,"No, I just want to know what services/facilities the Ontario, CA airport offers.",yes i want to kyesw about the services the oregon california airport offers,False,Find information on the Greek mathematician Euclid.,do you want a biography,"No, I want his accomplishments",no,False,information about Indian tribes that used adobe houses,do you want to know what adobe indian houses are made out of,yes i am interested in the tribes that used an adobe indian house,"No, I want to know about the tribes that used them.",True,What are the boundaries of the political jurisdictions in Brazil?,do you want a map of the roads in brazil,yes,"No, I want to know the boundaries of the political jurisdictions in Brazil.",True,Health benefits of kiwi fruit.,Tell me about kiwi,Are you interested in kiwi fruit?,"I am, and its health benefits","Yes, with a touch of deep explanation over all topic anis.",answer_1
"What is ""Poem in Your Pocket Day""?",do you need information related to celebrating the poem in your pocket day,"Yes, I would like to know more about how to celebrate Poem in Your Pocket Day.",yes i want to kyesw what it is,False,quotes about independence,would you like to learn more about the declaration of independence,"no, I want to know quotes about independence",yes i want to learn about the definition of a man,False,Sites that sell Universal Animal Cuts that include product reviews.,would you like to review universal animal cuts,yes i would like to see reviews of animal cuts,"No, I'm looking for a site that sells Universal Animal Cuts that include product reviews.",True,"What was the 2008 budget for Cass County, MO?",would you like to know more about the city,"No, I want to know the budget for 2008.",no,False,Health benefits of kiwi fruit.,Tell me about kiwi,Are you interested in kiwi fruit?,"I am, and its health benefits","Yes, with a touch of deep explanation over all topic anis.",answer_1
Find detailed geographic maps of the United States.,do you want to see a political map of the united states,Yes,no i am looking for a map of the united states,False,"What is the address of the Ontario, CA airport?",would you like to book a flight at ontario california airport,"No, I just want to know the address.",no i want to know the address of the oregon california airport,False,"I would like to find reviews of The Pampered Chef programs, products, and recipes.",are you wondering about pampered chef competitors,"No, I would like to find reviews of The Pampered Chef programs, products, and recipes.",yes i am looking for reviews of the pampered cook programs and recipes,False,I am looking for information about taking a vacation trip to Brazil.,do you need to know where to find a map of brazil,"No, I do not need a map of Brazil. I am looking for information about taking a vacation trip to Brazil.",no i am looking for information about taking a vacation to the city of brazil,False,Health benefits of kiwi fruit.,Tell me about kiwi,Are you interested in kiwi fruit?,"I am, and its health benefits","Yes, with a touch of deep explanation over all topic anis.",answer_1
"Find flight information for the Ontario, CA airport.",what ammendities are you looking for in your airport,I just need to know what flights are available and their times.,i dont know,False,Find poems written for Poem In Your Pocket Day.,do you need to know the date for 2019,no i am interested in poetry written for pen in your pocket,"No, I just want to know what it is.",True,Find US road maps.,are you looking for children coloring books,"No, I'm not looking for children coloring books. I want a map of the USA for a road trip.",yes i am looking for a map of us road maps,False,How do you treat severe angular cheilitis?,are you looking for a common name for angular cheilitis,"No, I want to know how to treat severe angular cheilitis.",no,False,Health benefits of kiwi fruit.,Tell me about kiwi,Are you interested in kiwi fruit?,"I am, and its health benefits","Yes, with a touch of deep explanation over all topic anis.",answer_1
Are there biodegradable products for the disposal of dog waste?,are you interested in buying some,yes,I just want to know if there are biodegradable products for the disposal of dog waste.,True,What are the symptoms of von Willebrand Disease?,do you want to know about the cause of von willebrand disease,yes,"No, I want to know about the symptoms.",True,Find archives of articles from the Milwaukee Journal Sentinel.,are you interested in a subscription to the milwaukee journal sentinel,yes,"No, I just want to find archives of articles.",True,What are the best ways of disposing of dog waste?,are you referring to a specif type of dog clean up bag,no i am referring to a bag of dog waste,"No, I just want to know where I should order dog clean-up bags in general.",True,Health benefits of kiwi fruit.,Tell me about kiwi,Are you interested in kiwi fruit?,"I am, and its health benefits","Yes, with a touch of deep explanation over all topic anis.",answer_1
The blue-throated hummingbird is native to what areas?,do you want to find them in mexico or in the us,I want to know what areas the blue-throated hummingbird is native to.,no i want to find them in me,False,What causes angular cheilitis?,do you want to know how to avoid angular cheilitis,"No, I want to know what causes angular cheilitis.",yes,False,I am looking for information about taking a vacation trip to Brazil.,do you want to know an app that has maps of brazil,"No, I want to know where to go if I made a crime in Brazil.",no i am looking for information about taking a trip to Brazil,False,"I'm looking for information on planning a wedding shower, like theme ideas and budget guidelines.",did you want to see examples of budget weddings,"No, I want a budget calculator for my wedding shower.",no i want information on how to plan a wedding in my area,False,Health benefits of kiwi fruit.,Tell me about kiwi,Are you interested in kiwi fruit?,"I am, and its health benefits","Yes, with a touch of deep explanation over all topic anis.",answer_1
I want to go to the homepage for Defender Marine Supplies.,are you looking for defender lyrics,"No, I want to go to the homepage for Defender Marine Supplies.",yes i am looking for the homepage for the company,False,information about the drafting of the Declaration of Independence,would you like to know more about the author,"No, I want to know about the drafting of the Declaration of Independence.",no,False,Find information for visitors and immigrants about living in India.,do you want to know foreigners feelings about living in india,no i am looking for information on living in india,Yes.,True,"I am looking for newcomer information for Cass County, Missouri.",there are some interesting historical facts about cass county shall i show them to you,yes,no i am looking for information about the county and its history,False,Health benefits of kiwi fruit.,Tell me about kiwi,Are you interested in kiwi fruit?,"I am, and its health benefits","Yes, with a touch of deep explanation over all topic anis.",answer_1
"Find information about the television series, ""Star Trek: Voyager""",do you want to know more about the nasa voyager program,no,"No, I want to know about the television series ""Star Trek: Voyager""",True,Find information on shoeing horses and horseshoe problems.,are you asking about a horses feet,Yes.,yes,False,Find pictures of horse hooves.,are you asking about a horses feet,Yes,yes,False,Find information about solar panels that I can install on my home.,do you want to know where solar panels are typically installed in a home,"No, I want to know about the solar panels themselves. What they are made of and how they work.",yes,False,Health benefits of kiwi fruit.,Tell me about kiwi,Are you interested in kiwi fruit?,"I am, and its health benefits","Yes, with a touch of deep explanation over all topic anis.",answer_1
Find information on the Land Rover Defender sport-utility vehicle.,are you looking for advice on how to play soccer,"No, I'm looking for information on the Land Rover Defender sport-utility vehicle.",no i want to know about the sportsutility vehicle,False,"What hotels are near the Ontario, CA airport?",would you like to know more about ontarioca airport services,"No, I would like to know what hotels are near the airport.",yes i want to kyesw the nearest hotels and the nearest hotels,False,Find detailed geographic maps of the United States.,are you interested in a historical map of the united states,"No, I need a current map.",no,False,information about the sales tax in Illinois: what is the rate and what is it levied on,do you want to read articles about the tax rate or know the tax rate percentage,I want to know the tax rate percentage and what it is levied on.,no,False,Health benefits of kiwi fruit.,Tell me about kiwi,Are you interested in kiwi fruit?,"I am, and its health benefits","Yes, with a touch of deep explanation over all topic anis.",answer_1
Find information about horses' hooves and how to care for them.,do you want to know what horse hooves are made from,Yes,no i want information on hooves,False,I'm looking for locations of Starbucks stores worldwide.,are you looking for a recipe,"No, I'm looking for locations of Starbucks stores worldwide.",yes i want to find locations in stores,False,Find information about buying real estate in India.,are you interested in the best place to live in india,no i want to find information about buying real estate in india,"Yes, I am interested in finding information about buying real estate in India.",True,Where can I buy rock and roll posters?,are you referring to a music genre,yes i am referring to a rock and roll company,"No, I want to buy rock and roll posters.",True,Health benefits of kiwi fruit.,Tell me about kiwi,Are you interested in kiwi fruit?,"I am, and its health benefits","Yes, with a touch of deep explanation over all topic anis.",answer_1
Find US road maps.,which language of us map would you prefer,no i am looking for a map of us roads,I prefer the English language.,True,Find information on Breeders Cup races.,which part of churchill downs are you interested in knowing more about,I want to see the Breeders Cup races.,i dont know,False,Describe the anatomy of horses' feet and hooves.,are you looking for a diagram of a horse hoof,"Yes, I would like a diagram of a horse hoof.",no i am looking for a specific anatomy of an animal,False,What are the boundaries of the political jurisdictions in Brazil?,do you need to know where to find a map of brazil,"No, I need to know the boundaries of the political jurisdictions in Brazil.",no i want to know the political jurisdictions,False,Health benefits of kiwi fruit.,Tell me about kiwi,Are you interested in kiwi fruit?,"I am, and its health benefits","Yes, with a touch of deep explanation over all topic anis.",answer_1
What computer programming languages are there?,are you looking to see how much computer programming lessons cost,"No, I want to know what computer programming languages are there.",yes,False,information about the sales tax in Illinois: what is the rate and what is it levied on,may i tell you how much the state income tax in illinois is,"No, I want to know about the sales tax in Illinois: what is the rate and what is it levied on.",no,False,What is the common name for angular cheilitis?,are you interested in what can cause angular cheilitis,"No, I want to know the common name for angular cheilitis.",no,False,Who are the sports reporters for the Rocky Mountain News?,would you like to read recent news about the rocky mountain news,"Yes, I would like to know who the sports reporters are.",yes,False,Health benefits of kiwi fruit.,Tell me about kiwi,Are you interested in kiwi fruit?,"I am, and its health benefits","Yes, with a touch of deep explanation over all topic anis.",answer_1
Find poems written for Poem In Your Pocket Day.,are you looking for templates to print out for poem in your pocket day,"No, I want to find poems that have already been written.",no,False,What are the boundaries of the political jurisdictions in Brazil?,are you planning a trip to brazil,"No, I just want to know the boundaries of the political jurisdictions in Brazil.",yes,False,Find information about buying real estate in India.,would you like to learn about expats living in india,"No, I want to buy real estate in India.",no,False,Where can I go on a hay ride in Pennsylvania?,are you interested in a specific area in pennsylvania for hayrides,no,"No, I just want to know where I can go on a hayride in general.",True,Health benefits of kiwi fruit.,Tell me about kiwi,Are you interested in kiwi fruit?,"I am, and its health benefits","Yes, with a touch of deep explanation over all topic anis.",answer_1
"What was the 2008 budget for Cass County, MO?",which part of cass county are you referring to,i dont know,I want to know the 2008 budget for the entire county.,True,What computer programming languages are there?,are you interested in programming courses for children,"No, I want to know what computer programming languages are there.",no,False,"What is the address of the Ontario, CA airport?",would you like to know more about ontarioca airport services,"No, I just need the address.",no i would like to know the address of the oca airport,False,Find the sports section of the Milwaukee Journal Sentinel.,which section of the paper do you want,I want the sports section.,yes i want the sports section of the milwaukeejournalstation,False,Health benefits of kiwi fruit.,Tell me about kiwi,Are you interested in kiwi fruit?,"I am, and its health benefits","Yes, with a touch of deep explanation over all topic anis.",answer_1
How do you treat severe angular cheilitis?,are you interested in home remedies for angular cheilitis,yes,"No, I want to know how to treat severe angular cheilitis.",True,Find calorie counts and other nutritional information about Starbucks products.,are you looking for a specific web page,"Yes, I want to find calorie counts and other nutritional information about Starbucks products.",no i am looking for calorie count and nutritional information,False,Provide pressure washer reviews and/or ratings.,do you want a pressure washer with a certain engine,no i want ratings and ratings,I want to know the reviews and ratings for pressure washers.,True,Find information on shoeing horses and horseshoe problems.,do you want to know about how horse hooves are grown,yes i need information about shoeing horses and horseshoe problems,"No, I want to know about shoeing horses and horseshoe problems.",True,Health benefits of kiwi fruit.,Tell me about kiwi,Are you interested in kiwi fruit?,"I am, and its health benefits","Yes, with a touch of deep explanation over all topic anis.",answer_1
What are the educational benefits of social networking sites?,what type of educational advantages are you seeking from social networking,i dont know,I want to know what are the educational benefits of social networking sites.,True,How is workplace diversity achieved and managed?,do you need the definition of diversity,yes i want to kyesw the definition of the best way of achieving it,"No, I want to know how workplace diversity is achieved and managed.",True,What was the name of Elvis Presley's home?,do you mean the home that elvis presley grew up in,Yes.,no,False,"I want to find online guides, tips, and checklists for planning a wedding.",are you looking for advice on wedding budgeting,"Yes, I want to find online guides, tips, and checklists for planning a wedding.",no i want to find online resources on wedding planning,False,Health benefits of kiwi fruit.,Tell me about kiwi,Are you interested in kiwi fruit?,"I am, and its health benefits","Yes, with a touch of deep explanation over all topic anis.",answer_1
image of the Declaration of Independence at the National Archives,which use of that quote are you interested in,this is not related to my search,I want to know about the image of the Declaration of Independence at the National Archives.,True,Find a black-and-white outline map of the United States such that a child could color.,do you want to see a map of united states territories,yes,"No, I want a black-and-white outline map of the United States such that a child could color.",True,What famous generals fought in the US civil war?,do you want specific or general details on battles,I want to know about famous generals.,no i want to know the famous battles,False,What problems have afflicted the Ford Edge car model?,what problems with the ford edge are you asking about transmission liftgate brakes etc,yes i want to kyesw about the car model,I don't know. That's why I'm asking.,True,Health benefits of kiwi fruit.,Tell me about kiwi,Are you interested in kiwi fruit?,"I am, and its health benefits","Yes, with a touch of deep explanation over all topic anis.",answer_1
"What is the address of the Ontario, CA airport?",do you mean an airport in canada,"No, I mean an airport in California.",no i am looking for a specific address,False,Find reviews of the Ritz Carlton Lake Las Vegas.,do you need a reservation at the ritz carlton in las vegas,no i want reviews,"No, I need reviews of the Ritz Carlton Lake Las Vegas.",True,"Find flight information for the Ontario, CA airport.",do you know how long your trip will be,yes i am looking for the actual flight information,I need a round trip ticket from September 1-5.,True,"Find the homepage for the city of Hoboken, NJ.",do you want to visit hoboken,"No, I want the homepage for the city of Hoboken, NJ.",no i want to find the city of hoboken ny,False,Health benefits of kiwi fruit.,Tell me about kiwi,Are you interested in kiwi fruit?,"I am, and its health benefits","Yes, with a touch of deep explanation over all topic anis.",answer_1
Find some recipes from The Pampered Chef.,are you wondering what pampered chef sells,"No, I want to know about their recipes.",no i want recipes from the pampered cook,False,Find information for visitors and immigrants about living in India.,what part of india are you interested in,I'm interested in living in India.,i dont know,False,Find information on the Land Rover Defender sport-utility vehicle.,is your child playing soccer,yes,"No, I want to know about the Land Rover Defender sport-utility vehicle.",True,"Find demographic information about Cass County, MO.",are you interested in a list of homes for sale in cass county,no,"No, I want to know the population ofCass County, MO.",True,Health benefits of kiwi fruit.,Tell me about kiwi,Are you interested in kiwi fruit?,"I am, and its health benefits","Yes, with a touch of deep explanation over all topic anis.",answer_1
"I would like to find reviews of The Pampered Chef programs, products, and recipes.",would you like to see the current pampered chef catalog,"No, I would like to find reviews of The Pampered Chef programs, products, and recipes.",yes i want to read reviews of the pampered cook programs and recipes,False,"Looking for any historical information related to Orcas Island: geographical, buildings, people, infrastructure, etc.",would you like to learn about the origin of the name of orcas island,yes,"No, I want to know about the geographical, buildings, people, infrastructure, etc.",True,Find information on kiwi fruit.,would you like to know how to grow kiwi fruit,no,"No, I would like to know the nutritional value of kiwi fruit.",True,discussion of the impending sale of the Rocky Mountain News,are you interested inn information about the national park,"No, I want to know about the sale of the Rocky Mountain News.",yes,False,Health benefits of kiwi fruit.,Tell me about kiwi,Are you interested in kiwi fruit?,"I am, and its health benefits","Yes, with a touch of deep explanation over all topic anis.",answer_1
Find some recipes from The Pampered Chef.,would you like to see the current pampered chef catalog,yes i would like some recipes from the pampered cook,"No, I want to see some recipes.",True,Find specific events in New York City connected to Poem In Your Pocket Day.,did you want to know when poem in your pocket day is,"Yes, I want to know when poem in your pocket day is and what specific events are happening in New York City for it.",no i want to know events,False,What causes angular cheilitis?,are you looking for best treatments for angular cheilitis,"No, I want to know what causes angular cheilitis.",no,False,Find printable maps of the United States.,are you interested in learning more about the us map,yes i am looking for printable maps of the us map,"No, I just want to find a printable map of the United States.",True,Health benefits of kiwi fruit.,Tell me about kiwi,Are you interested in kiwi fruit?,"I am, and its health benefits","Yes, with a touch of deep explanation over all topic anis.",answer_1
List online computer programming tutorials.,are you looking for nearby coding classes,"No, I want a list of online tutorials.",no i am looking for tutorials about computer programming,False,What home remedies are there for angular cheilitis?,are you looking for the definition of angular cheilitis,yes i want to kyesw about home remedies,"No, I am looking for home remedies for angular cheilitis.",True,"Find a street-level map of Hoboken, NJ.",are you looking for hoboken hotels,"No, I want a street-level map of Hoboken, NJ",no i am looking for a street level map of the city,False,Find information on the Kentucky Derby Museum.,are you interested in the racing schedule,"No, I want to go to the Kentucky Derby Museum.",no i am looking for general information on the kentucky Derby museum,False,Health benefits of kiwi fruit.,Tell me about kiwi,Are you interested in kiwi fruit?,"I am, and its health benefits","Yes, with a touch of deep explanation over all topic anis.",answer_1
